abcdefg,0
atlanticchicka,0
krissy,10
kissmequickly_x,10
mockingbird,0
ash_g,10
walnut1988,0
Flirtinangel18,10
batgirl,0
maeganontherocks,10
beachbabe20816,10
XoXGirLneXtDooRXoX,10
texas_angel1989,10
sum_wonder,0
steph73,0
maryjane,0
dropkickloder,10
airlia,10
kristinxann,10
ladymaryjane420x,0
specialk,10
jesscoop1,0
JM15,0
lexianne7,10
bootyfulsizta08,0
wakeboard08,10
mysticjess,10
megalomania,10
bikstar,10
musicmunchkin,0
majical,10
artofu,0
blahgahblah,0
chichi,10
abietotz,0
lexi5390,0
spatulalover,0
technopuppy,0
kara1247,0
ShElbZ4L09,10
sofforte,0
Mellie24,0
redheadroxy,0
lienverlinden,0
heathersmith123,0
crziblonde08,10
turtlesandstuffidk,0
redraisin,10
flappygirl46,10
r5family4life,10
luvsum,0
murphya,0
carlymarie,10
babe331,10
princesscupcake,10
pickpocket,10
thing3,0
blahtoast,0
MadeOFglass,10
enren,10
nycgirl4life,10
blahblahblah,10
revenantbeauty,0
lilojump,10
lmpgrlxx,10
kaleibae,10
tayluhhxmichelle,0
noraad2,0
mbp7718,0
amberr328,10
rene24783,0
sassy77,0
artemis18,10
emmaforever,0
candygirl69,10
tealsunflowers5,0
kk9631,0
es_ec,0
deathuntome,0
suicidulcarebear,0
alicexxx,10
kt89x,0
ramin007,0
rosepetal02891,0
motownlover,0
southerngrrl,0
cndygurl4life13,10
dragonsorceress69,0
citrus,0
artsygirl,10
gymbeam90,10
torridxloveaffair,10
yellowcatredcat,0
WelcomeToMyWorld,0
Liltanay69,10
summersunsetsx3,10
Bongo69,10
roselinemelodypierce,10
blissforthesoul,0
RawkxOwn,0
raffiella_8,0
sanne89,0
aebb2802,10
hanscuit,0
asianpurr,10
ratemecupidd,10
starlane,0
HCOcutie93,10
renaox,0
starchild24,0
teresakaye,0
noddyb22,0
askingandrea,0
kimjojo,0
uncwfanatic2012,10
laya43,0
qzilla,10
supdollfacex,0
verywildberry,0
heatherxxx3,0
agnieszkamaek,10
XxAlExIs130Xx,0
littleamer24,10
mqt16,10
kiekie,10
marionbarbara26,0
SammyV,0
DraculasPrincess,0
dreamnovella,0
j-mi,10
RedBloodAngel,0
yanyang,10
550396a76853990766b3cb26,0
52eeaae771d05e902b000678,0
54de7d6cf5e81cbe6b8d3fc6,0
54356946060290b348a69cb9,0
5320872e9177b83b06003503,0
51aa5e87ef8e9fb73c000eb9,10
54448b1391aebde10afce43a,0
5501e9eeaee8d6d351ab74a1,10
53b7176afb3d316b59db1ec5,10
5446fa880610f6d33fb1bf59,0
53bac016337d00b23ff62555,0
54a5b9a9b412b03143308216,0
53de6f991ea041fe3b2c7cce,0
531cfd8cdfc896027400703b,10
5473e5578c5611fb36e5e28c,0
5507a220ffea839472c4a764,0
54e23cc2cda752c156d05332,0
54fccc5a0df88d5c76ea22ee,10
53e4e43f53f1001922add87d,0
54592376a7f59e8e349cb99b,0
5492385c40fe6f4e5b1ef0fc,0
5452f79d694dbc86597c2069,0
53697d7ca10bd0967300c661,0
546fe62add88bc534f054143,0
54c3db09b456b17d1fb7fac1,0
535c725fe653aac234003545,10
53c1f5847f107a9e7484bda0,0
54416e4e0099e7681d297634,0
5403c406b67d041156f2c9eb,10
536427ce1e606e3653000ea9,0
53cd8a80e0076c6803e3e16e,10
55063ffd72b2329c7479908b,10
532c6d7f9c55d44f1a001fb1,10
550371a69b530c026bd675ab,0
54fcefb08ff66d2545e24d51,0
5504dd5fab8c19186b2543bd,0
54fdc9cdd74f58ec0545ba56,10
54aecd9ed937d9bd34a3f9f7,0
5488701831a42763255077a2,0
5490309357758edd2166114f,0
54fd00e3d05577ab5b534c30,0
5504f60abe48971768e59a67,0
548abb5f874b85ca6269b663,0
54d8a42b787d2974472457b8,0
5383dc1fedb0f5230cd083e8,0
51ade88a0ddbb02c68002870,0
55060c002fc2501f77d27c28,10
52043d5af479bb492e0000dc,10
54c3cafb7dedc6365eb2b91e,10
518b18971d52d4c9380000be,10
537633e7372c71d412000aef,0
53e4505162c785100d938ec4,0
539145ef4439c54b61b63ff7,0
5290fb0acaf6efaf32000096,0
54dfc0a0846d626b7898e15b,0
54e3dad5631dca4842dc521e,0
547bb63c6808187a3353ec1d,0
540c5d4ccb24c80b4303bd7e,0
54ffdbcaaee8d6d351ab3f62,0
5380f3f97d160987097bc78b,10
544c851eedc923233d5dc950,10
5504a9030a8ff03e6be63b8c,10
54fe578122760f70786f84c3,10
54e8e795933a7b7368ec0aef,10
54dc3c5b74c8f825783db537,0
54e6b80e80f3545d12553db3,10
53d05bfde88ba37d6b33b501,0
52bcf07c5bb23b5749001e4e,0
52b15dd737eb28b95b000153,0
52e143fa561194bd5d000e74,0
54335cbc6deae6f4083a5d89,10
53226e31999db6dd7a00350b,10
53409292cb1c53477f001c1d,10
54e39d74faaa92261377d1ae,0
511f2d118b23c344350003dc,10
546aaf3a419329be0db14554,10
54ce6f04dbf6094b1bbf9e15,0
54a5d93d7f1e233a1593de46,10
54022cd0bf70d0c0729d9d84,10
5437f63e250d936673a4a54b,10
51feebd9342ffe7948000c7b,0
54cedb5028cf89b2213e83bd,10
534ae708dc1cac0e620031f3,0
5508edb046bbc8bc694208d4,0
5505f9ec3fae555b777fa600,10
5376bbebbb6dfd2b323318d6,0
545a48942beb82ac28d1cc85,0
54e794b6fa1b0e5842f6060e,0
54e38ad54087beb32e2dda35,10
54347e44f22c1aea57a5fb79,10
54ff96b67afea16a5f70ad95,0
54445265cb54dbc379ddb9d1,0
54de9ff9d712de7878ea4149,0
522c95d8cc5439cb73000052,0
54e375f1390c52624335ae6d,0
53c638d1dd00329f7459e03b,10
52dc5e1c41bf056b4b0031f8,0
54dd29328c6c3be36805b026,0
51f95964fa0dbb730b0003b7,10
53d70cb5083503c676ec4dd7,10
52d0534031666c834a000412,10
5398f1d5a654114e6166770c,0
53c2e3842451612f0f14cabb,0
540fa058e9f4310a4ab8106f,10
54bda9723caf1ba231e0553c,0
52561492eef5502d54002688,10
5423721fa20d44b510a27c07,10
53d45547a7cd477673f10d2c,0
544c53260609c78d1a160a1f,0
5504d15d5ac7b73d683aa057,0
54a2e2c7b488091856a1b6fa,10
54fef4931320b255772bf9f8,10
5507e5bc1dbfa466604d4dbc,0
5509f0a7d4bd48847227abd9,10
52002d9847bb3570410008d6,10
54f33d85bbf89d2f1b587e25,10
541f4536f5d81ab67f4b69d3,0
52e85f707c883c920c000144,10
53d5a983576cf73720d5c6b6,0
54e822b47557338e70a32f82,0
53e16764e36a6cdc0a312cab,0
5366e4ddd5856a2769006de1,0
54c27a8ae7f8b19463fe1658,0
5340c16a09e32fb0640023c1,0
54e0b71ee3bd68c33fd256aa,0
550116e0dea0e8216d0ae4f0,0
52fcf9c9bfa6be61690019ae,0
5478cfde33c5121a1c8120f9,10
55061a29e285418665acd472,10
5296bdc7598f6e407200001a,0
54de3d1c28e33ff56a1f583c,0
52619a4f9b4b6ea907001981,0
536d5b306a1513850e00353b,0
5394b03896b6daf767e5c0ff,10
54f2986ab712ae107ed3d64c,0
51f9d3cdf9a4fee43a0002dc,0
5419b937ca74fd4e05ad738f,10
54486f1e70a4060a7c6d475b,10
52f4effbe4cf0c483a0007b6,10
53d86806b84969e35b0a7d0e,0
544d6ab59285e1971f7b4439,10
54cda720e8707b185bd0e7a3,10
53a3aa1a74c118850511e784,10
542de8d654141b9059925cca,10
51c52294b78798b43f0006c5,0
547bc1e8072c80a34678cbef,10
550cc23664a85aaf1c23e168,0
54ef728b5350eb537c91282b,0
53267a02740ec06b5c0028ed,0
54a870faecd7e9f96b670fcb,10
5510da21220026e22b593fce,0
54e78ad9367c125234c2c077,10
54e654375e004b68133dbf01,0
53ab8adf9e2245c55cac3c92,0
54a5cb438301135a10b6ddca,10
54e2b08bbdbe285759566e45,0
547cb583a8d287774e1ce072,0
5366e09345b1536805006e79,0
54e3a70daf61b7e9354555a5,0
5411bc417c263d564a171477,10
54c19bab224b25d552865c8c,0
5201266891ffa09177000030,10
523b82cde4726d9001001542,0
519962cbf8bb203a20000086,10
53aa2fd107ef5b70789ef4a4,0
51bbb93f4e47fce41d0000de,0
538b3dff8d4de5127e7c4805,0
5498e22b404812c27634c6e9,10
54a557329a1b7dba67679a3e,0
536d0bc0c44fd684730032db,10
54cda9f874a464d0468a1c8b,0
546979b01984b87378c70532,0
54458254cb54dbc379ddea36,0
54cef4e2956290883d2699d7,10
54a371f0ad378cae5ecda43d,10
54e405b7b9031ede45338620,0
547c6a39fb7149bd58e4077e,10
54cb3cce556a3577550bfa70,10
548cb0eb4ae3570d612d042e,10
5411d80739f5124b2730c898,0
5153a06a8faaa0be4700012a,0
54cc35ce7db208491bc2cff6,10
54cad8dd0af026c14e99b931,0
53bc83469ee187bc436dce64,0
54ae5ff976f6489e119eeaee,0
550c52f58f36d3671a87668d,10
54ba673446d5689943cbd72d,0
54f9da59476a2f77431ebfc3,0
544c651517e9e6f51c6eaa45,0
547f23249e3bdf4073f104b2,0
550b94a402aabdca0cd8ff35,0
54f8f787562a964807665b55,10
52557cd59f9f5fb44b000cae,10
54c1cc39367029866315d9db,0
525cd26568d612f86d001410,0
537a91ebf0e2976f3cc8e1ae,0
54efd4581c3a50366e47a0a0,0
53545c929f3194777b002dfd,10
54a766af9d47cc83323bc6b2,0
5495f4d6be759c6d0e4447e4,0
54ff8bcf6c2ec01a6e36aeca,0
52c8ed4dad4251d670000c2f,0
54e9400543e1800d45d9622d,0
550ca13a34e19d2f1a483d4c,10
53e2c8f99c1824320536fa29,0
547676eb64642b3e0508d4ff,10
53823ecb914730692f51b55f,10
51f85d177d42b05f22000559,0
52e75c5ed0a4e92006000036,0
5328f6cb4ce6c85f4d000045,0
52c06483896437a652000315,10
548cd8a3dd7fda1c2fc1e741,10
5414c560d057c8e54eb182e0,10
53c9e9baacbd555264595c4d,10
5435e2a46deae6f4083abe8b,10
53f40adc9dfca2d005493e1c,0
50f1c019d14894451200054c,10
54dfc2b0eca54710498c7fa0,0
54b43b695d6e559c3fe6f7f4,10
54e68529287fa4597440aeea,0
520109fd95b1a44c27000002,0
550a46bab5f629464e9f2951,10
51284133b3e4060d66001019,0
535bde29acea284057000725,0
53d608f69e14354d30d7c559,0
5271d6ecd6d23b7929001116,0
53add0e9d2c674705f308582,0
540a96175f64a15730b12cba,0
542a4da0a2fcd82a43432265,10
53928aff88c81dc40ed81151,0
53cb4355b94b919c38488080,0
53821f660c2524992274fc6e,0
54701665983c56c165c65387,0
543b36613ac805f77153a713,0
550d21808e12b34c09211492,10
53e81887d2fc88b64c84a3f6,10
54a0a8654343e9901259f080,0
53d15ef4b937d3a103b2a899,0
540b2f43dadf09f472a4a908,0
54dfd98021e5a2a8796b1c9d,0
53b6d4b82e1fc58d17108d68,0
5413afedd057c8e54eb15443,0
53f13a2cd863baa049b8b5f3,10
53c47e2b08fb1a50642e64fe,10
54ab64bd9bd2b3fc4bf09bc5,10
51f30d8b8febe7d06e0000bf,10
5475039c373f362a060df3b5,10
5341eed879e738367f004eaf,0
522d21f061c84c2a79000008,10
52e3201962adbdf6690006b0,10
550d886ea8951c961cf790cd,0
53b88521543ea0ea346244b4,0
53aeaa9c9843104469c0e252,0
522947994eb75d4d74000005,0
54d599a02f2445f3483a7f4f,0
546187f8d02b52b410a225c1,0
5352ece21dd061c559003c71,0
54bed4753caf1ba231e094f4,0
53c1e685dd00329f74589a3f,0
548fa6e28d88ddf2200d77c9,0
5407e244861311cb7ef79738,10
5205da30a0c078a27e000016,10
54cec5bb3ba6a8663dbe1027,0
54be5e96fcb8ba1f73878e56,10
550888eca4a2aa5d334bc14d,0
534724baadfe9afb26002843,10
550f9532817b077d1afa7cdf,10
53862c73e24628d34fed152e,10
53bf306397da93016ee0671e,10
54c9390ee97990523e862483,10
54d97ad5caeec0ff3c5e1d1f,0
54b5e4e9b1adc7ed559ef719,0
54f11e57d16e9f477d9ed344,10
53eacd91345e01d23e0ea949,0
54be9d9d2f6ce98470f285ad,10
548d1393b8d2479340ca3d6a,0
53e7f583f29bf4944c8a1b87,0
54b05120a38bda49704278a8,0
5367d7a08415d24d690089e1,10
530751b6319d95f052000bd0,0
54e55beb47799f1541febd8d,10
549d81b581d284f42ca3918c,10
54efd979f2bb865f1bd51b83,0
54f52c1232d6f0bc508019bc,0
53ded63d0ce64f5879d53090,10
53717177ce7415c703004d71,10
547fbf0356dc4aa5028402d8,10
54e2b54a2b78da7a785efad1,0
52d6d4b06a3e437a08000345,0
539f86954486a3053b951e50,0
53cdd70e977b0c6118f9210b,10
54c5e8cc82a1b16530a09235,0
52e2dcb6b3a71a8f6200022a,0
52fbbe945ba8ad33240016d6,10
51687443cc462053350005e3,0
539b8b46f08313a0623a92db,0
550cde794090d82f15269d07,0
51bbc381072df7f61d000201,10
52747c97740cf8ca0a000242,10
53bc1ed683e4d33240ba588f,0
54f0e4e1f2bb865f1bd539b0,0
54f23f3c9ea47b936c1e5114,0
55109875b15dac191a23e5ff,0
521f8d7669af595b70000007,0
52c9d5c0bbbdc069450013bf,10
5365cba65ce896dd0100468d,0
55038655ada352f77b131475,10
544b2244d1b16abd063a6560,10
53a42ef4188555670526ae22,0
544a2422d1b16abd063a3ac3,10
52277d904788e43e5900000f,10
54bf0a9a87b2c6102201a477,10
543a111c0c19f88c049e5b98,0
54d0471433a4d2c47cd3c2a5,0
524f4fefebfaf50361000a19,10
53277318cdb665ec7e0048d1,0
54e38a66bf302baa1769e85c,10
5324d1774f17a7072200222b,10
54a80aa86d950c7b74b73581,0
532c83aeb09deef20b0000c9,10
54a5f297a9f76a35750c3195,0
5403c3ec3d7af9ca33a678c2,10
53388c398e69a8580c006091,0
52ffa9598e9b35b83d005290,10
548c9a3cc3cddf857f707ae9,0
54af69175d6e559c3fde90c2,0
54ff89c32b93f18e5c19008f,10
51e325a9e73e0a2e29000002,10
547de387a8fe25691b4d4174,0
546e904d15ad12a75d07233a,10
5490a0fee0f1e9e0045d1687,0
547bad285954a3213aa459d0,10
54dbfb46aa7e8c4046dd280a,0
55117911b81c9cad1c6ddbad,10
54eb7e4e514322982ab92a86,0
54973ab4a4deb6cc749bba80,0
55077202b3e75b7c60201244,0
53deec8856bc143f222f60a0,0
5397df993107738a6287465c,10
54e65047287fa4597440a5e2,0
54e272cc5ff5673e77cadc7e,10
5388e31d2066740e604763e9,0
517c3cf0aa85430f47000027,10
55048dd9c9df7ad518ae9aa7,10
5502131a4de76b0a70d5da5c,0
5449362f303377523f201eb7,0
52228ec2db9c97485a000005,0
54b32596598014d82d67299b,0
54d03bf127ef8c813d68080e,0
54ebd1c8c7edcfd831093bdd,10
54b319e309de65d96171f4ad,10
529cec1aa13c2fe11800008c,0
54f0f770bbf89d2f1b582f09,10
54f3ce488f16c5872ddc1afd,10
54e52212d4fe87924357ed58,10
53ed8a55bd7e672d2f091823,10
5264082c52696b997500144f,10
54597fad4f456e6d3ab544e9,0
5507ab37e9642fc674a27472,10
54c90dbaba063733366967dd,0
550c0efc41173f7d19408359,10
52549af36a75289437000e02,0
54cb06c0afff608043a31958,10
52dd3ada7ea733df28003ce4,10
51aa13c7c36823df3c0009af,10
5462d73a500f772a70a00fa1,10
54f8bff3143f374d77635c26,0
54b21ecbcd0e6edf300a73fe,10
550c39f618c90c7809659001,10
547d0874349b50c958051018,10
54309da23d4fddaa0f3e7708,0
54d6dca990d52e5e48db122e,10
54e6ae3559fc79ed436a0edc,10
5439902a45e4886e4c365aec,10
5512b220fb2f70726f276984,10
52b9d723c5cfd8d54d000832,10
537b825d4a969df63e292a4b,10
5338b70b24b751812f0067fb,10
542dd379e9907d3c710c264a,10
53c86d7ba2d4832e6dbf7d28,0
550230256c2ec01a6e36fa5d,10
54d9596f4522f47448da19aa,0
54ecce2262d423c446537f2e,10
542635edbdb10fdf45a1d74f,0
52360082e75da4753b00102e,10
53ad7e329e2245c55cacbf25,10
525b4cb5667491a7540008b5,0
54a962a5f9c98d172063f8d2,0
550e27827c2dbc81178304c5,0
539f1d3d94f290c13f9d4e18,0
547829e5e9b1641c32c1d2c2,10
52f71233bfffee26110010fa,0
522bbd4643de6b5a17000050,10
54cee419bf4105ed3be25171,0
51fb3745e5e3cdd640000003,0
54e283ecd5200f89780dfb74,0
550e36ea960f85ac1c4ba8a9,0
54529d1de7c704fd59a06b3e,10
53c03ef2fa99185865cf53be,10
54ab1510137b06602d96dae8,0
5509981f6853990766b486af,10
54216e4f3f1ea9fd0cb1cf24,10
53950dd7053d87641e2636b8,0
51ad1a10c384687660000886,0
54d3f127ea8f7b4a0b002c91,10
53da52bff4b02abb66291362,0
54e6970f72deb2d4170b93bd,10
5464ed6f9beff5d64fec18f9,0
55134952cbdd14d36ef55291,0
551743bd06ba8dcf67cc5bcc,10
548a7b42149188c1035a43a7,10
5212b5153fddf7ed7d00001a,0
55139607feb2e3c82e9a6133,10
54fcf116d74f58ec0545a1bf,10
5514d1b6c9b33d5d090bd5f1,0
547bf8c3b4cf16c718aa8e5f,0
543b3ef90e1508ee469636ec,0
55160bda00819c226bc34b33,0
55185f9731abb71579698e39,0
53b6afdd96fd88d32f463202,0
5383d159f47997ea0aab1b25,10
5466cb44cab4406f2e5e974e,0
53f1a77285d1d6445b47620c,10
532d86d6991912e67800137f,0
53892bca21902a2f49b15340,0
53ae0b09410b1cca62d24a1b,0
5515c4e7153c4d0a1e433298,0
535ee33b23adb5545b0077cb,0
53409af563e3a6060d001da7,0
5512f6e33c73a28a71c98609,0
551523182b7bc32a58a13bee,10
51d8aa22fb9338860c00001d,10
541db286417194e0022175f2,0
52e59a16a9248993410002f0,0
53f3bbb95e3bf4995d562231,10
5511fec8003f24c65d8d713a,0
5273e995d423a2be310003a6,10
54ccff75c20476bd7329b45b,10
5515e6d77426c95b0af31cc2,10
54892460b04396dd5b8db268,0
544837a1d5daccd43080e2bd,0
55183ffdbe2019c9786d9173,0
54054d2fae69bbbb7144c305,0
54ceab1fd2fb3aad3df6b898,0
550a2b4ea4d6c52b64e5e94a,0
550a193bc34d9372335ace7b,10
5227e0617aadd5134e000002,10
5518c304f033c84c7bb429ee,0
5514c6df62e19b2875cd0080,10
5410f55180540cd335b1be32,10
54d6c15cea91c0a248f02fbe,10
52fe2b50675b5a6864007ab8,10
54c424681d57b19458d14e2d,10
539bd0c8689877b66276696f,0
54314c2bd6ba7740301eca93,0
54cd8eff8a11cd08591c3c1c,0
5269dcc1437c456d41001536,0
52dd95bed7599f88640007fa,0
5165fb6eb72a958241000d2f,10
51f67258ade1f3c47f000002,10
550652bd36e20c9f67f25334,10
verotica,10
wishicouldfly,0
BoFett,10
SolveForX,0
BlondeNPolish,10
hyper_princess,0
nittneyy0x,10
AccidentalyInLove224,0
pinkpiglet8705,0
joanna,0
betheileen,0
ukelelelove,0
vickysc,0
ImxNotxUrxSkank,10
ericainohio,0
txgrltena,10
xonen,0
sandamour,10
googoo1,0
tliz2007tm,10
cardga50,0
Carlyn,10
suaveee,10
popcorn8827,0
fenriz,0
mirah,10
shan59,10
teyaaa,10
jasmine,0
anastasis,0
jamier,0
malakronikmausi,0
BabyGrl21,0
tygrynia,0
ChloeDanielle,0
Flupster613,0
yummum,10
thatcelestialchick,10
sierrababy1234,10
xox5h1nj1,0
krissykaotik,0
mysterygirl,10
saoirse1969,0
lucy,0
babygirl03,10
x_kriante_x,0
d00dsupallie,0
xmisschichi,10
sexxymilf,0
LynnShelton,10
halfwaythere88,0
hedgehoghugs,0
likewhoaitsme,0
DragonFireAA,0
winterlibra22,10
nottesorriso,0
GoodmorinSunShine,0
cassycakesOKC,10
deinaye,0
heyjude69,10
XxBabiiGurlXo,10
foxxylady,10
jerseygenuine,10
kchandatgath,10
hoten5,0
lizardfairy,10
nouseforaname,10
aurorablack13,10
beautifullkeme90,10
glitterheart,0
geekyphreek,0
katie864,0
alicia,10
splifff,10
thatoneloser,10
wtfudge,10
bj69,0
juiceboxangel,10
shaninox,0
suusann,10
stephanierillo,0
nyxnyx37,0
moata_rd,0
sinkinu,10
aliciaj79,0
cloudlessclimes,0
55214e87eef330a2206301ea,10
52f79641bfffee26110026a2,10
5410fe75b0ea84034df91dbf,10
540781466c1ac43d4ece9aea,0
551ff54e9844d0cc33aa6cde,0
544b61a0bdce4bb31a3818d1,0
blowpop0814,10
smarti1809,0
DoRaWiNnIfReD,10
maryannkennon,10
aaas1212,10
jynx81,0
biancaalexis,0
MidSummerMassacre,10
lycan,0
skye2244,0
OopolkadottedoO,10
xsayitaintso,10
rafaellabrasil,10
komiee,10
sexy4ugurl,10
janedabah,0
mimizozo,0
kaliashes,0
britness01,10
kissthemethanesky,10
mrsrostocka,0
candie0105,0
nessa8868,0
ana,0
emmlylamb,0
brooklynwolf,0
happy2014,0
cocoaddictive1,0
nickc21h2no5,0
sassyaly,0
lilz124,10
Emiiileerae,0
chelhemmo,0
vixen,10
pauline98,0
lovedove721,10
karly123,10
sexygalplayer,10
aprillynn20,10
soph104,0
blc1213,0
charliegirl,0
rockerchick_713,0
madcatface,10
jaccihoffman,0
PiNkE,0
H41L3YY,10
bananabrain,0
hotdancinbabe88,10
cdgurl,0
riley86,0
SexyHunter08,0
avaleigh,0
flagranto,0
virgobabe,0
northerngirl95,0
amandabby,10
smadison,10
kyrasmokes,0
sash,10
sassiecassie,0
kassandramaera,10
tigrr25,0
mia7412,0
dashahot6969,10
liz3112,0
chinks,0
biggreenaxe,0
emenvee,10
megan321,0
jbizzle12thrizzle,0
amandax13,10
amiablewolf,0
marshellette,0
livy333,0
mwah1995,10
fishykitten,0
aliceander,10
idaydrm,10
54c5ae1909d93f025d90a57c,0
552422693edbbcad1954717e,0
53ae279007ef5b7078a00efb,0
552fb98be6de4ead61e708a4,0
54b94b846eb173d66684cc73,0
54a30ec3b6fe2ffa08f257ba,10
53e43c98368a37f6047f2a82,0
552e5a3bdca5c6a26599410c,0
540c6fce473a53b520cc2157,0
543fc05d320ac81f29b1608f,0
551d8125d72a700f07fde58e,0
54f543b91bf1ba3c72497d4a,0
55296e98f11f6ba30f910a98,0
54db552e6aede2a3488df953,0
54ee6a306636b6f077cc872a,0
546cd1226a1791703ce42b97,10
